clase,muestras,probabilidad_a_priori,porcentaje
Clase 1,59,0.33146067415730335,33.146067415730336
Clase 2,71,0.398876404494382,39.8876404494382
Clase 3,48,0.2696629213483146,26.96629213483146
