dataset,validacion,modelo,exactitud,exactitud_porcentaje,exactitud_media_folds,predicciones_evaluadas,tiempo_segundos
wine,Hold-Out 80/20,Naive Bayes desde cero,0.9722222222222222,97.2222,0.9722222222222222,36,0.0005333590006557642
wine,10-Fold Cross-Validation,Naive Bayes desde cero,0.9719101123595506,97.191,0.97218782249742,178,0.0023193449997052085
wine,Leave-One-Out,Naive Bayes desde cero,0.9775280898876404,97.7528,0.9775280898876404,178,0.03844736900009593
