clase,muestras,probabilidad_a_priori,porcentaje
Iris-setosa,50,0.3333333333333333,33.33333333333333
Iris-versicolor,50,0.3333333333333333,33.33333333333333
Iris-virginica,50,0.3333333333333333,33.33333333333333
