dataset,validacion,modelo,exactitud,exactitud_porcentaje,exactitud_media_folds,predicciones_evaluadas,tiempo_segundos
iris,Hold-Out 80/20,Naive Bayes desde cero,0.9666666666666667,96.6667,0.9666666666666667,30,0.0004257199998392025
iris,10-Fold Cross-Validation,Naive Bayes desde cero,0.9533333333333334,95.3333,0.9533333333333334,150,0.0018548349999036873
iris,Leave-One-Out,Naive Bayes desde cero,0.9533333333333334,95.3333,0.9533333333333334,150,0.027191293999749178
